{"cameraMode":{"drawMode":0,"name":"Shaded","section":"Shading Mode"},"sceneLighting":true,"audioPlay":false,"sceneViewState":{"showFog":true,"showMaterialUpdate":false,"showSkybox":true,"showFlares":true,"showImageEffects":true,"showParticleSystems":true},"in2DMode":false,"pivot":{"x":2.8031435012817385,"y":-2.5318212509155275,"z":5.041264057159424},"rotation":{"x":-0.3479337990283966,"y":-0.36739641427993777,"z":0.15052099525928498,"w":-0.8493269681930542},"size":10.0,"orthographic":false}