{"cameraMode":{"drawMode":0,"name":"Shaded","section":"Shading Mode"},"sceneLighting":true,"audioPlay":false,"sceneViewState":{"showFog":true,"showMaterialUpdate":false,"showSkybox":true,"showFlares":true,"showImageEffects":true,"showParticleSystems":true},"in2DMode":false,"pivot":{"x":-86.21528625488281,"y":-25.7733211517334,"z":322.982421875},"rotation":{"x":0.4240647852420807,"y":-0.05834655463695526,"z":0.027393128722906114,"w":0.9033545255661011},"size":91.0678939819336,"orthographic":false}