{"cameraMode":{"drawMode":0,"name":"Shaded","section":"Shading Mode"},"sceneLighting":false,"audioPlay":false,"sceneViewState":{"showFog":true,"showMaterialUpdate":false,"showSkybox":false,"showFlares":true,"showImageEffects":true,"showParticleSystems":true},"in2DMode":false,"pivot":{"x":5.591638565063477,"y":36.66733932495117,"z":-1.2444822788238526},"rotation":{"x":-0.5702514052391052,"y":0.3832743763923645,"z":-0.3404538929462433,"w":-0.6419577598571777},"size":1.4492151737213135,"orthographic":false}